{"current":{"logo":"shopify:\/\/shop_images\/ROYAL1.jpg","logo_width":50,"favicon":"shopify:\/\/shop_images\/ROYAL1.jpg","colors_solid_button_labels":"#ffffff","colors_accent_1":"#8c0606","colors_accent_2":"#121212","colors_text":"#000000","colors_background_1":"#ffffff","colors_background_2":"#243d00","type_header_font":"zilla_slab_n4","heading_scale":100,"type_body_font":"helvetica_n4","body_scale":100,"page_width":1400,"spacing_sections":0,"spacing_grid_horizontal":12,"spacing_grid_vertical":12,"animations_reveal_on_scroll":true,"animations_hover_elements":"none","buttons_border_thickness":0,"buttons_border_opacity":100,"buttons_radius":40,"buttons_shadow_opacity":0,"buttons_shadow_horizontal_offset":0,"buttons_shadow_vertical_offset":0,"buttons_shadow_blur":0,"variant_pills_border_thickness":1,"variant_pills_border_opacity":20,"variant_pills_radius":40,"variant_pills_shadow_opacity":0,"variant_pills_shadow_horizontal_offset":0,"variant_pills_shadow_vertical_offset":0,"variant_pills_shadow_blur":0,"inputs_border_thickness":1,"inputs_border_opacity":55,"inputs_radius":4,"inputs_shadow_opacity":0,"inputs_shadow_horizontal_offset":0,"inputs_shadow_vertical_offset":0,"inputs_shadow_blur":0,"card_style":"card","card_image_padding":0,"card_text_alignment":"left","card_color_scheme":"scheme-2","card_border_thickness":0,"card_border_opacity":10,"card_corner_radius":4,"card_shadow_opacity":0,"card_shadow_horizontal_offset":0,"card_shadow_vertical_offset":4,"card_shadow_blur":0,"collection_card_style":"standard","collection_card_image_padding":0,"collection_card_text_alignment":"center","collection_card_color_scheme":"accent-2","collection_card_border_thickness":0,"collection_card_border_opacity":10,"collection_card_corner_radius":4,"collection_card_shadow_opacity":0,"collection_card_shadow_horizontal_offset":0,"collection_card_shadow_vertical_offset":4,"collection_card_shadow_blur":5,"blog_card_style":"standard","blog_card_image_padding":0,"blog_card_text_alignment":"left","blog_card_color_scheme":"scheme-2","blog_card_border_thickness":0,"blog_card_border_opacity":10,"blog_card_corner_radius":0,"blog_card_shadow_opacity":0,"blog_card_shadow_horizontal_offset":0,"blog_card_shadow_vertical_offset":4,"blog_card_shadow_blur":5,"text_boxes_border_thickness":0,"text_boxes_border_opacity":10,"text_boxes_radius":4,"text_boxes_shadow_opacity":0,"text_boxes_shadow_horizontal_offset":0,"text_boxes_shadow_vertical_offset":4,"text_boxes_shadow_blur":0,"media_border_thickness":1,"media_border_opacity":5,"media_radius":4,"media_shadow_opacity":0,"media_shadow_horizontal_offset":0,"media_shadow_vertical_offset":0,"media_shadow_blur":0,"popup_border_thickness":1,"popup_border_opacity":10,"popup_corner_radius":4,"popup_shadow_opacity":5,"popup_shadow_horizontal_offset":0,"popup_shadow_vertical_offset":4,"popup_shadow_blur":0,"drawer_border_thickness":1,"drawer_border_opacity":10,"drawer_shadow_opacity":0,"drawer_shadow_horizontal_offset":0,"drawer_shadow_vertical_offset":4,"drawer_shadow_blur":5,"badge_position":"bottom left","badge_corner_radius":40,"sale_badge_color_scheme":"accent-1","sale_badge_text":"Save [percentage]","sold_out_badge_color_scheme":"background-1","brand_headline":"<strong>Who We Are<\/strong>","brand_description":"<h5><strong>Founded with a passion for style and quality, we are dedicated to creating timeless designs that seamlessly blend with modern trends, offering versatile pieces for every lifestyle.<\/strong><\/h5><h5><strong>What We Stand For:<\/strong><br\/><\/h5><h5>👗 <strong>Style Meets Comfort:<\/strong> Every piece is designed with you in mind, combining chic aesthetics with everyday practicality.<br\/><\/h5><h5>✨ <strong>Quality First:<\/strong> From premium fabrics to expert craftsmanship, we ensure every product meets the highest standards.<br\/><\/h5><h5>🌿 <strong>Sustainability:<\/strong> We are committed to reducing our environmental impact by using eco-friendly materials and ethical production practices.<\/h5>","brand_image":"shopify:\/\/shop_images\/Screenshot_2025-01-01_at_17.24.31-removebg-preview.png","brand_image_width":100,"social_facebook_link":"https:\/\/www.facebook.com\/profile.php?id=61572408145650","social_instagram_link":"https:\/\/www.instagram.com\/askraaa23\/","social_youtube_link":"","social_tiktok_link":"https:\/\/www.tiktok.com\/@royalequips23","social_twitter_link":"","social_snapchat_link":"","social_pinterest_link":"","social_tumblr_link":"","social_vimeo_link":"","predictive_search_enabled":true,"predictive_search_show_vendor":false,"predictive_search_show_price":false,"currency_code_enabled":false,"cart_type":"drawer","cart_icon":"bag","show_vendor":false,"show_cart_note":false,"cart_display_single_item_prices":false,"cart_price_color":"accent-1","displayed_variants":"compact","show_cart_payment_badges":true,"enabled_cart_payment_types":"afterpay, american_express, apple_pay, bitcoin, dankort, diners_club, discover, dogecoin, dwolla, facebook_pay","cart_drawer_collection":"","enable_cart_discount":true,"cart_discount_btn_label":"Add","enable_cart_progress_bar":true,"cart_upsell_title_link":true,"cart_upsell_hide_when_in_cart":false,"cart_upsell_drop_shadow":false,"cart_upsell_color_scheme":"background-1","enable_cart_upsell_1":true,"cart_upsell_1_product":"adjustable-heart-o-ring-punk-rock-cuban-chain-necklace-lariat-y-style-necklace-with-key-heart-lock-pendant","enable_cart_upsell_2":true,"cart_color_scheme":"scheme-1","sections":{"main-password-header":{"type":"main-password-header","settings":{"color_scheme":"scheme-1"}},"main-password-footer":{"type":"main-password-footer","settings":{"color_scheme":"scheme-1"}},"promo-popup":{"type":"promo-popup","settings":{"mode":"disabled","popup_seconds":5,"popup_days":30,"display_timer":true,"timer_duration":3,"layout":"image_first","color_scheme":"background-1","heading_prefix":"Sign up and more","heading":"Get 10% OFF here","heading_size":"h2","heading_suffix":"heading","text":"<p>Sign up for our email newsletter for special discounts and exclusive offers and more<\/p>","button_label":"Sign up here","dismiss_btn_label":"I'll do it later","discount_code":"Sale20%","success_heading_prefix":"Enjoy your discount","success_heading":"Discount!","success_heading_size":"h1","success_heading_suffix":"heading suffix","success_text":"<p>Use the code bellow to get 10% off your whole order!<\/p>","discount_code_label":"Discount code is:","copy_button_label":"Copy","copy_message":"Code copied successfully!!!","success_dismiss_btn_label":"Close this","success_display_image":false}}},"content_for_index":[],"blocks":{"15683396631634586217":{"type":"shopify:\/\/apps\/inbox\/blocks\/chat\/841fc607-4181-4ad1-842d-e24d7f8bad6b","disabled":true,"settings":{"button_color":"#000000","secondary_color":"#ffffff","ternary_color":"#6a6a6a","button_icon":"chat_bubble","button_text":"chat_with_us","button_horizontal_position":"bottom_right","button_vertical_position":"lowest","greeting_message":""}},"15891388892413262111":{"type":"shopify:\/\/apps\/essential-loyalty\/blocks\/theme-extension\/bb1b2244-edbc-4be2-b271-04fde65a5c2f","disabled":false,"settings":{}},"855628211100114053":{"type":"shopify:\/\/apps\/klaviyo-email-marketing-sms\/blocks\/klaviyo-onsite-embed\/2632fe16-c075-4321-a88b-50b567f42507","disabled":true,"settings":{}},"12016176150940211849":{"type":"shopify:\/\/apps\/ot-theme-sections\/blocks\/otsb-script\/45c0d634-d78b-458c-8bca-17086e7d65aa","disabled":true,"settings":{}},"11119278427475967885":{"type":"shopify:\/\/apps\/ot-theme-sections\/blocks\/otsb-style\/45c0d634-d78b-458c-8bca-17086e7d65aa","disabled":true,"settings":{}},"14963174505086193486":{"type":"shopify:\/\/apps\/shown-io\/blocks\/pixel-loader\/a86fe678-046f-4504-af36-2a437145dd9c","disabled":true,"settings":{}},"6478312753674380289":{"type":"shopify:\/\/apps\/gempages-builder\/blocks\/embed-gp-script-head\/20b379d4-1b20-474c-a6ca-665c331919f3","disabled":true,"settings":{}}},"color_schemes":{"scheme-1":{"settings":{"background":"#ffffff","background_gradient":"","text":"#121212","button":"#121212","button_label":"#ffffff","secondary_button_label":"#453326","shadow":"#453326"}},"scheme-2":{"settings":{"background":"#f3f3f3","background_gradient":"","text":"#453326","button":"#453326","button_label":"#f3f3f3","secondary_button_label":"#243d00","shadow":"#243d00"}},"scheme-3":{"settings":{"background":"#243d00","background_gradient":"","text":"#ffffff","button":"#ffffff","button_label":"#243d00","secondary_button_label":"#ffffff","shadow":"#ffffff"}},"scheme-4":{"settings":{"background":"#121212","background_gradient":"","text":"#ffffff","button":"#ffffff","button_label":"#121212","secondary_button_label":"#ffffff","shadow":"#121212"}},"scheme-5":{"settings":{"background":"#334fb4","background_gradient":"","text":"#ffffff","button":"#ffffff","button_label":"#334fb4","secondary_button_label":"#ffffff","shadow":"#121212"}},"scheme-43067ba1-e386-413e-947a-e8551c01b85f":{"settings":{"background":"#ffffff","background_gradient":"","text":"#121212","button":"#121212","button_label":"#ffffff","secondary_button_label":"#ff0000","shadow":"#121212"}},"scheme-68ab2610-ae84-4df1-8530-c2146566684a":{"settings":{"background":"#ffffff","background_gradient":"","text":"#fdfbf7","button":"#121212","button_label":"#ffffff","secondary_button_label":"#121212","shadow":"#121212"}}}},"presets":{"Default":{"logo_width":90,"color_schemes":{"scheme-1":{"settings":{"background":"#FFFFFF","background_gradient":"","text":"#121212","button":"#121212","button_label":"#FFFFFF","secondary_button_label":"#121212","shadow":"#121212"}},"scheme-2":{"settings":{"background":"#F3F3F3","background_gradient":"","text":"#121212","button":"#121212","button_label":"#F3F3F3","secondary_button_label":"#121212","shadow":"#121212"}},"scheme-3":{"settings":{"background":"#242833","background_gradient":"","text":"#FFFFFF","button":"#FFFFFF","button_label":"#000000","secondary_button_label":"#FFFFFF","shadow":"#121212"}},"scheme-4":{"settings":{"background":"#121212","background_gradient":"","text":"#FFFFFF","button":"#FFFFFF","button_label":"#121212","secondary_button_label":"#FFFFFF","shadow":"#121212"}},"scheme-5":{"settings":{"background":"#334FB4","background_gradient":"","text":"#FFFFFF","button":"#FFFFFF","button_label":"#334FB4","secondary_button_label":"#FFFFFF","shadow":"#121212"}}},"type_header_font":"assistant_n4","heading_scale":100,"type_body_font":"assistant_n4","body_scale":100,"page_width":1200,"spacing_sections":0,"spacing_grid_horizontal":8,"spacing_grid_vertical":8,"animations_reveal_on_scroll":true,"animations_hover_elements":"none","buttons_border_thickness":1,"buttons_border_opacity":100,"buttons_radius":0,"buttons_shadow_opacity":0,"buttons_shadow_horizontal_offset":0,"buttons_shadow_vertical_offset":4,"buttons_shadow_blur":5,"variant_pills_border_thickness":1,"variant_pills_border_opacity":55,"variant_pills_radius":40,"variant_pills_shadow_opacity":0,"variant_pills_shadow_horizontal_offset":0,"variant_pills_shadow_vertical_offset":4,"variant_pills_shadow_blur":5,"inputs_border_thickness":1,"inputs_border_opacity":55,"inputs_radius":0,"inputs_shadow_opacity":0,"inputs_shadow_horizontal_offset":0,"inputs_shadow_vertical_offset":4,"inputs_shadow_blur":5,"card_style":"standard","card_image_padding":0,"card_text_alignment":"left","card_color_scheme":"scheme-2","card_border_thickness":0,"card_border_opacity":10,"card_corner_radius":0,"card_shadow_opacity":0,"card_shadow_horizontal_offset":0,"card_shadow_vertical_offset":4,"card_shadow_blur":5,"collection_card_style":"standard","collection_card_image_padding":0,"collection_card_text_alignment":"left","collection_card_color_scheme":"background-1","collection_card_border_thickness":0,"collection_card_border_opacity":10,"collection_card_corner_radius":0,"collection_card_shadow_opacity":0,"collection_card_shadow_horizontal_offset":0,"collection_card_shadow_vertical_offset":4,"collection_card_shadow_blur":5,"blog_card_style":"standard","blog_card_image_padding":0,"blog_card_text_alignment":"left","blog_card_color_scheme":"scheme-2","blog_card_border_thickness":0,"blog_card_border_opacity":10,"blog_card_corner_radius":0,"blog_card_shadow_opacity":0,"blog_card_shadow_horizontal_offset":0,"blog_card_shadow_vertical_offset":4,"blog_card_shadow_blur":5,"text_boxes_border_thickness":0,"text_boxes_border_opacity":10,"text_boxes_radius":0,"text_boxes_shadow_opacity":0,"text_boxes_shadow_horizontal_offset":0,"text_boxes_shadow_vertical_offset":4,"text_boxes_shadow_blur":5,"media_border_thickness":1,"media_border_opacity":5,"media_radius":0,"media_shadow_opacity":0,"media_shadow_horizontal_offset":0,"media_shadow_vertical_offset":4,"media_shadow_blur":5,"popup_border_thickness":1,"popup_border_opacity":10,"popup_corner_radius":0,"popup_shadow_opacity":5,"popup_shadow_horizontal_offset":0,"popup_shadow_vertical_offset":4,"popup_shadow_blur":5,"drawer_border_thickness":1,"drawer_border_opacity":10,"drawer_shadow_opacity":0,"drawer_shadow_horizontal_offset":0,"drawer_shadow_vertical_offset":4,"drawer_shadow_blur":5,"badge_position":"bottom left","badge_corner_radius":40,"sale_badge_color_scheme":"scheme-4","sold_out_badge_color_scheme":"scheme-3","brand_headline":"","brand_description":"<p><\/p>","brand_image_width":100,"social_twitter_link":"","social_facebook_link":"","social_pinterest_link":"","social_instagram_link":"","social_tiktok_link":"","social_tumblr_link":"","social_snapchat_link":"","social_youtube_link":"","social_vimeo_link":"","predictive_search_enabled":true,"predictive_search_show_vendor":false,"predictive_search_show_price":false,"currency_code_enabled":true,"cart_type":"notification","show_vendor":false,"show_cart_note":false,"cart_drawer_collection":"","cart_color_scheme":"scheme-1","sections":{"main-password-header":{"type":"main-password-header","settings":{"color_scheme":"scheme-1"}},"main-password-footer":{"type":"main-password-footer","settings":{"color_scheme":"scheme-1"}}}}}}