{"name":"t:sections.footer.name","type":"footer","sections":{"ds_horizontal_ticker_JHX4Wx":{"type":"ds-horizontal-ticker","blocks":{"text_QnATg3":{"type":"text","settings":{"title":"ROYAL EQUIPS"}},"text_khzhiW":{"type":"text","settings":{"title":"GET CUSTOMIZED"}},"text_xUFTwV":{"type":"text","settings":{"title":"AT"}}},"block_order":["text_QnATg3","text_khzhiW","text_xUFTwV"],"settings":{"speed":3,"text_spacing":2,"text_size":"1.75","italic_text":false,"uppercase_text":false,"bold_text":false,"color_scheme":"accent-1","padding_top":16,"padding_bottom":16,"custom_colors_background":"#ffffff","custom_gradient_background":"","custom_colors_text":"#2e2a39"}},"footer":{"type":"footer","settings":{"color_scheme":"background-1","enable_follow_on_shop":true,"show_social":true,"enable_country_selector":true,"enable_language_selector":true,"payment_enable":true,"enabled_payment_types":"","show_policy":true,"branding_text":"","margin_top":0,"padding_top":32,"padding_bottom":20}}},"order":["ds_horizontal_ticker_JHX4Wx","footer"]}