{"sections":{"collage_4hKNag":{"type":"collage","settings":{"heading":"This season Best Sellers","heading_size":"h2","desktop_layout":"left","mobile_layout":"column","card_styles":"none","color_scheme":"custom","padding_top":24,"padding_bottom":0,"custom_colors_background":"#ffffff","custom_gradient_background":"","custom_colors_text":"#121212"}},"image_banner_3awgE8":{"type":"image-banner","blocks":{"buttons_iNAaEC":{"type":"buttons","settings":{"button_label_1":"Get Now","button_link_1":"shopify:\/\/products\/natural-soft-bristles-hair-car-detailing-brush-car-cleaning-brush-104653881674-bdjvf","button_style_secondary_1":false,"button_label_2":"","button_link_2":"","button_style_secondary_2":false}},"heading_KLLGh7":{"type":"heading","settings":{"heading":"","heading_size":"h1"}},"text_BkeNkQ":{"type":"text","settings":{"text":"","text_style":"body"}}},"block_order":["buttons_iNAaEC","heading_KLLGh7","text_BkeNkQ"],"settings":{"image":"shopify:\/\/shop_images\/makeup-brush-set.jpg","image_overlay_opacity":40,"image_height":"adapt","desktop_content_position":"bottom-left","show_text_box":false,"desktop_content_alignment":"center","color_scheme":"scheme-4","image_behavior":"ambient","mobile_content_alignment":"center","stack_images_on_mobile":false,"show_text_below":false}},"featured_collection_eMRdyp":{"type":"featured-collection","settings":{"title":"Exclusive Offers!","heading_size":"h1","description":"","show_description":false,"description_style":"body","color_scheme":"background-1","collection":"electronics-accessories","products_to_show":4,"columns_desktop":4,"product_cards_stretch":true,"full_width":true,"show_view_all":true,"view_all_style":"solid","enable_desktop_slider":true,"cards_color_scheme":"background-1","image_ratio":"adapt","show_secondary_image":false,"show_vendor":false,"show_rating":true,"enable_quick_add":true,"columns_mobile":"2","swipe_on_mobile":false,"padding_top":36,"padding_bottom":36,"custom_colors_background":"#ffffff","custom_gradient_background":"","custom_colors_text":"#2e2a39","custom_colors_solid_button_background":"#dd1d1d","custom_colors_solid_button_text":"#ffffff"}},"banner":{"type":"ds-main-collection-banner","settings":{"show_collection_description":false,"show_collection_image":false,"color_scheme":"background-1"}},"product-grid":{"type":"main-collection-product-grid","settings":{"products_per_page":20,"columns_desktop":3,"color_scheme":"scheme-1","product_cards_stretch":true,"image_ratio":"square","image_shape":"default","show_secondary_image":true,"show_vendor":false,"show_rating":false,"enable_quick_add":true,"enable_filtering":true,"filter_type":"horizontal","enable_sorting":false,"columns_mobile":"2","padding_top":0,"padding_bottom":24}},"1742416389c42e44a3":{"type":"apps","blocks":{"testimonials_slider_slider_widget_block_UcjHwU":{"type":"shopify:\/\/apps\/testimonials-slider\/blocks\/slider-widget-block\/cd756d38-7c3d-4332-af00-4ff87263e921","settings":{"themeId":"light","configNumber":"1","autoscroll":true,"showAvatar":true}}},"block_order":["testimonials_slider_slider_widget_block_UcjHwU"],"settings":{"include_margins":true}},"17424163571726b0f2":{"type":"apps","blocks":{"goodapi_sprout_impact_banner_W7e6LB":{"type":"shopify:\/\/apps\/goodapi-sprout\/blocks\/impact-banner\/7db5ee24-2195-4099-b98e-1547c600e4aa","settings":{"include_padding":false,"hide_tree_count":false,"hide_plastics_count":false,"redirect_uri":"","padding":0,"show_learn_more":false,"learn_more_text":"Learn More","learn_more_url":""}}},"block_order":["goodapi_sprout_impact_banner_W7e6LB"],"settings":{"include_margins":false}},"17424162462286fee7":{"type":"apps","settings":{"include_margins":true}},"1742416342d6ab86c1":{"type":"apps","settings":{"include_margins":true}},"174241617319da5523":{"type":"apps","settings":{"include_margins":true}}},"order":["collage_4hKNag","image_banner_3awgE8","featured_collection_eMRdyp","banner","product-grid","1742416389c42e44a3","17424163571726b0f2","17424162462286fee7","1742416342d6ab86c1","174241617319da5523"]}