{
  "sections": {
    "banner": {
      "type": "ds-main-collection-banner",
      "settings": {
        "show_collection_description": false,
        "show_collection_image": false,
        "color_scheme": "background-1"
      }
    },
    "collage_4hKNag": {
      "type": "collage",
      "blocks": {
        "image_7kehzh": {
          "type": "image",
          "settings": {
            "image": "shopify:\/\/shop_images\/homepage1.jpg"
          }
        },
        "product_qWaTYU": {
          "type": "product",
          "settings": {
            "product": "two-piece-tracksuit-set",
            "second_image": true
          }
        },
        "collection_gJx6RE": {
          "type": "collection",
          "settings": {
            "collection": "frontpage"
          }
        }
      },
      "block_order": [
        "image_7kehzh",
        "product_qWaTYU",
        "collection_gJx6RE"
      ],
      "settings": {
        "heading": "This season Best Seller",
        "heading_size": "h2",
        "desktop_layout": "left",
        "mobile_layout": "column",
        "card_styles": "none",
        "color_scheme": "custom",
        "padding_top": 36,
        "padding_bottom": 36,
        "custom_colors_background": "#ffffff",
        "custom_gradient_background": "",
        "custom_colors_text": "#121212"
      }
    },
    "product-grid": {
      "type": "main-collection-product-grid",
      "settings": {
        "products_per_page": 20,
        "columns_desktop": 3,
        "color_scheme": "scheme-1",
        "product_cards_stretch": true,
        "image_ratio": "square",
        "image_shape": "default",
        "show_secondary_image": true,
        "show_vendor": false,
        "show_rating": false,
        "enable_quick_add": true,
        "enable_filtering": true,
        "filter_type": "horizontal",
        "enable_sorting": true,
        "columns_mobile": "1",
        "padding_top": 0,
        "padding_bottom": 24
      }
    }
  },
  "order": [
    "banner",
    "collage_4hKNag",
    "product-grid"
  ]
}
