{"sections":{"ds_slideshow_jhiiyq":{"type":"ds-slideshow","blocks":{"slide_6B7cwD":{"type":"slide","settings":{"image":"shopify:\/\/shop_images\/banner2.jpg","heading":"Unleash Your Style","heading_size":"h1","subheading":"From timeless classics to bold, statement pieces, we have everything you need to express your unique style. Shop now and let your fashion speak louder than words.","button_label":"Show more","link":"shopify:\/\/collections\/all","button_style_secondary":false,"box_align":"middle-left","show_text_box":false,"text_alignment":"left","image_overlay_opacity":30,"color_scheme":"background-1","text_alignment_mobile":"center"}},"slide_pkJi7G":{"type":"slide","settings":{"image":"shopify:\/\/shop_images\/banner1.jpg","heading":"Shop New Collections","heading_size":"h1","subheading":"Upgrade your wardrobe with the latest trends. Discover fresh arrivals for every occasion and season. Shop now for exclusive designs!","button_label":"Show more","link":"shopify:\/\/products\/two-piece-tracksuit-set","button_style_secondary":false,"box_align":"middle-left","show_text_box":false,"text_alignment":"left","image_overlay_opacity":30,"color_scheme":"background-1","text_alignment_mobile":"center"}}},"block_order":["slide_6B7cwD","slide_pkJi7G"],"settings":{"layout":"full_bleed","slide_height":"small","slider_visual":"counter","auto_rotate":false,"change_slides_speed":5,"show_text_below":true,"accessibility_info":"Slideshow about our brand","color_scheme":"background-1"}},"multirow_ftq6YR":{"type":"multirow","blocks":{"row_gWrV8y":{"type":"row","settings":{"image":"shopify:\/\/shop_images\/164345b3f5ca1fda36591d3ed2781fb8_8d22d69c-f33c-41fb-9b81-f42876d0444f.jpg","caption":"","heading":"","text":"<h3>Stay stylish and comfortable wherever your day takes you. Our Active Essentials collection blends performance and versatility, perfect for workouts, lounging, or everyday errands. Crafted with breathable, moisture-wicking fabric to keep you cool, dry, and moving effortlessly.<\/h3>","button_label":"","button_link":"shopify:\/\/products\/two-piece-tracksuit-set"}},"row_mjxcta":{"type":"row","settings":{"image":"shopify:\/\/shop_images\/c63ece4e1b473e67dff8c6faa506ad36_d0f62eab-ac71-415c-9510-02863c14f74c.jpg","caption":"","heading":"","text":"<h3><strong>Sports Costume<\/strong> is the ultimate blend of performance and comfort, perfect for workouts, lounging, or running errands. Crafted with breathable, moisture-wicking fabric, it keeps you cool and dry during your most intense sessions while offering unmatched flexibility for unrestricted movement.<\/h3>","button_label":"","button_link":"shopify:\/\/products\/two-piece-tracksuit-set"}},"row_ga3i9m":{"type":"row","settings":{"image":"shopify:\/\/shop_images\/homepage3.jpg","caption":"","heading":"","text":"<h3>Elevate your everyday with the perfect blend of fashion and functionality. Designed for active lifestyles, this collection offers breathable fabrics and unmatched comfort to keep you moving effortlessly through workouts, errands, or relaxation.<\/h3>","button_label":"Get It","button_link":"shopify:\/\/products\/two-piece-tracksuit-set"}}},"block_order":["row_gWrV8y","row_mjxcta","row_ga3i9m"],"settings":{"image_height":"small","desktop_image_width":"small","heading_size":"h1","text_style":"body","button_style":"primary","desktop_content_position":"middle","desktop_content_alignment":"center","image_layout":"alternate-left","section_color_scheme":"scheme-1","row_color_scheme":"scheme-1","mobile_content_alignment":"left","padding_top":0,"padding_bottom":0}},"custom_liquid_JPVUG3":{"type":"custom-liquid","name":"t:sections.custom-liquid.presets.name","settings":{"custom_liquid":"<!DOCTYPE html>\n<html lang=\"en\">\n<head>\n    <meta charset=\"UTF-8\">\n    <meta name=\"viewport\" content=\"width=device-width, initial-scale=1.0\">\n    <title>Trustpilot Rating<\/title>\n    <style>\n        .container-trustpilot {\n            background-color: #e9f8fe;\n            border: 1px dashed #006400; \/* Koyu yeşil border *\/\n            padding: 5px 5px;\n            display: flex;\n            align-items: center;\n            justify-content: center;\n            border-radius: 10px;\n        }\n        .container-trustpilot img {\n            margin: 0 10px;\n        }\n        .container-trustpilot .stars {\n            max-width: 80px; \/* Increased size for the star image *\/\n        }\n        .container-trustpilot .logo {\n            max-width: 70px;\n        }\n        .container-trustpilot span {\n            margin: 0 5px;\n        }\n        .excellent {\n            color: #000;\n            font-size: 12px;\n        }\n        .rating-text {\n            color: #000;\n            font-size: 10px;\n        }\n    <\/style>\n<\/head>\n<body>\n    <div class=\"container-trustpilot\">\n        <span class=\"excellent\"><b>\"EXCELLENT\"<\/b><\/span>\n        <img class=\"stars\" src=\"https:\/\/cdn.shopify.com\/s\/files\/1\/0647\/2148\/6072\/files\/4.5-stars-trustpilot_2157d8d9-101e-46a2-a3fe-ac80f2fecf10.png?v=1688082792\" alt=\"4.4\/5 Rating\">\n        <span class=\"rating-text\">rated 4.4\/5 on<\/span>\n        <img class=\"logo\" src=\"https:\/\/cdn.shopify.com\/s\/files\/1\/0647\/2148\/6072\/files\/Trustpilot_Logo__2022_.svg_2.png?v=1687091440\" alt=\"Trustpilot Logo\">\n    <\/div>\n<\/body>\n<\/html>","color_scheme":"scheme-1","padding_top":8,"padding_bottom":8}},"wd_section_divider_tMUHVb":{"type":"wd-section-divider","settings":{"divider_shape":"diagonal","divider_color_top":"rgba(0,0,0,0)","divider_color_bottom":"#121212","padding_top_desktop":0,"padding_bottom_desktop":76,"padding_top_mobile":0,"padding_bottom_mobile":0,"margin_top":10,"margin_bottom":0,"max_height_desktop":50,"max_height_mobile":35}},"rich_text_tMJXNr":{"type":"rich-text","blocks":{"heading_yAAbjd":{"type":"heading","settings":{"heading":"<p>Discover Your Unique Style<\/p>","heading_size":"h2"}},"text_4UFyje":{"type":"text","settings":{"text":"<h4><em>Explore our carefully curated collection of fashion essentials, bold statement pieces, and timeless classics. Find the perfect look for every occasion and express your individuality with confidence.<\/em><\/h4>"}},"button_JLNArf":{"type":"button","settings":{"button_label":"","button_link":"shopify:\/\/products\/two-piece-tracksuit-set","button_style_secondary":false,"button_label_2":"","button_link_2":"","button_style_secondary_2":false}}},"block_order":["heading_yAAbjd","text_4UFyje","button_JLNArf"],"settings":{"desktop_content_position":"center","content_alignment":"center","color_scheme":"custom","full_width":true,"padding_top":32,"padding_bottom":40,"custom_colors_background":"#121212","custom_gradient_background":"","custom_colors_text":"#ffffff","custom_colors_solid_button_background":"#fdfbf7","custom_colors_solid_button_text":"#243d00"}},"collage_PfGC8a":{"type":"collage","blocks":{"image_JBABn9":{"type":"image","settings":{"image":"shopify:\/\/shop_images\/2401230315490329200.jpg"}},"product_bh3zkC":{"type":"product","settings":{"product":"elegant-slim-strap-satin-backless-a-line-suspender-dress","second_image":true}}},"block_order":["image_JBABn9","product_bh3zkC"],"settings":{"heading":"","heading_size":"h1","desktop_layout":"left","mobile_layout":"column","card_styles":"product-card-wrapper","color_scheme":"background-1","padding_top":36,"padding_bottom":36,"custom_colors_background":"#ffffff","custom_gradient_background":"","custom_colors_text":"#2e2a39"}},"featured_collection_BNVjKG":{"type":"featured-collection","settings":{"title":"BESTSELLERS","heading_size":"h1","description":"","show_description":false,"description_style":"body","color_scheme":"background-1","collection":"all","products_to_show":6,"columns_desktop":4,"product_cards_stretch":true,"full_width":false,"show_view_all":true,"view_all_style":"solid","enable_desktop_slider":false,"cards_color_scheme":"background-1","image_ratio":"adapt","show_secondary_image":true,"show_vendor":false,"show_rating":false,"enable_quick_add":false,"columns_mobile":"2","swipe_on_mobile":false,"padding_top":36,"padding_bottom":36,"custom_colors_background":"#ffffff","custom_gradient_background":"","custom_colors_text":"#2e2a39","custom_colors_solid_button_background":"#dd1d1d","custom_colors_solid_button_text":"#ffffff"}},"featured_collection_QRL4Q7":{"type":"featured-collection","settings":{"title":"SKINCARE","heading_size":"h1","description":"","show_description":false,"description_style":"body","color_scheme":"background-1","collection":"royal-glow-make-up-cosmetica","products_to_show":4,"columns_desktop":4,"product_cards_stretch":false,"full_width":false,"show_view_all":true,"view_all_style":"solid","enable_desktop_slider":false,"cards_color_scheme":"background-1","image_ratio":"adapt","show_secondary_image":true,"show_vendor":false,"show_rating":false,"enable_quick_add":false,"columns_mobile":"2","swipe_on_mobile":false,"padding_top":36,"padding_bottom":36,"custom_colors_background":"#ffffff","custom_gradient_background":"","custom_colors_text":"#2e2a39","custom_colors_solid_button_background":"#dd1d1d","custom_colors_solid_button_text":"#ffffff"}},"featured_collection_MUhGMX":{"type":"featured-collection","settings":{"title":"FOOTWEAR","heading_size":"h1","description":"","show_description":false,"description_style":"body","color_scheme":"background-1","collection":"heren-schoenen","products_to_show":6,"columns_desktop":4,"product_cards_stretch":true,"full_width":false,"show_view_all":true,"view_all_style":"solid","enable_desktop_slider":false,"cards_color_scheme":"background-1","image_ratio":"adapt","show_secondary_image":true,"show_vendor":false,"show_rating":false,"enable_quick_add":false,"columns_mobile":"2","swipe_on_mobile":false,"padding_top":16,"padding_bottom":16,"custom_colors_background":"#ffffff","custom_gradient_background":"","custom_colors_text":"#2e2a39","custom_colors_solid_button_background":"#dd1d1d","custom_colors_solid_button_text":"#ffffff"}},"custom_liquid_nRdCGQ":{"type":"custom-liquid","name":"t:sections.custom-liquid.presets.name","settings":{"custom_liquid":"<div class=\"trustpilot-container\">\n  <div class=\"trustpilot-text\">\"Amazing\"<\/div>\n\n  <img\n    class=\"trustpilot-image\"\n    src=\"https:\/\/encrypted-tbn0.gstatic.com\/images?q=tbn:ANd9GcRqwTrpqlDxrYZ0pXL4aXXL4azowSSvjMZM2g&s\"\n    alt=\"Trustpilot Image\"\n  \/>\n\n  <div class=\"trustpilot-rating\">Rated 4.4\/5 on<\/div>\n\n  <img\n    class=\"trustpilot-logo\"\n    src=\"https:\/\/cdn.shopify.com\/s\/files\/1\/0798\/4267\/2987\/files\/trustpilot-logo-sml_bf402230-0d05-4609-a750-c310e4720da2.png?v=1733179329\"\n    alt=\"Trustpilot Image\"\n  \/>\n<\/div>\n\n<style>\n          .trustpilot-container {\n              display: flex;\n              align-items: center;\n              background-color: #e9fff9;\n              border: 1px solid #d4edda;\n              border-radius: 8px;\n              padding: 2px 10px;\n\n              width: 100%;\n  border: 1px dashed #898686;\n  gap: 8px;\n  justify-content: center;\n          }\n\n  .trustpilot-image{\n  width: 60px;\n  }\n  .trustpilot-logo{\n  width: 70px;\n  }\n  .trustpilot-text{\n  font-size: 13px;\n  font-weight: 600;\n  }\n  .trustpilot-rating{\n  font-size: 10px;\n  font-weight: 500;\n  color: #000;\n  }\n<\/style>","color_scheme":"","padding_top":16,"padding_bottom":16}},"custom_liquid_PaKE9N":{"type":"custom-liquid","name":"t:sections.custom-liquid.presets.name","settings":{"custom_liquid":"<!DOCTYPE html>\n<html lang=\"en\">\n<head>\n<meta charset=\"UTF-8\">\n<meta name=\"viewport\" content=\"width=device-width, initial-scale=1.0\">\n<title>Floating Comment Boxes<\/title>\n<style>\n  body.unique-body-ABC123 {\n    font-family: Arial, sans-serif;\n    background-color: #f0f2f5;\n    margin: 0;\n    padding: 20px;\n  }\n\n  .unique-float-animation-container-DEF456 {\n    overflow-x: auto;\n    white-space: nowrap;\n    max-width: 1280px;\n    margin: 0 auto;\n    padding: 10px;\n  }\n\n  .unique-float-animation-container-DEF456::-webkit-scrollbar {\n    display: none;\n  }\n\n  .unique-comment-box-GHI789 {\n    display: inline-block;\n    background-color: white;\n    border-radius: 15px;\n    padding: 15px;\n    width: 300px;\n    max-width: 90%;\n    box-shadow: 0 0 10px rgba(0,0,0,0.1);\n    font-family: Arial, sans-serif;\n    margin-right: 10px;\n    vertical-align: top;\n    white-space: normal;\n  }\n\n  @keyframes unique-float-JKL012 {\n    0% {\n      transform: translateY(0);\n    }\n    50% {\n      transform: translateY(-10px);\n    }\n    100% {\n      transform: translateY(0);\n    }\n  }\n\n  .unique-float-animation1-MNO345 {\n    animation: unique-float-JKL012 4s ease-in-out infinite;\n    animation-delay: 0s;\n  }\n\n  .unique-float-animation2-PQR678 {\n    animation: unique-float-JKL012 4s ease-in-out infinite;\n    animation-delay: 1s;\n  }\n\n  .unique-float-animation3-STU901 {\n    animation: unique-float-JKL012 4s ease-in-out infinite;\n    animation-delay: 2s;\n  }\n\n  .unique-float-animation4-VWX234 {\n    animation: unique-float-JKL012 4s ease-in-out infinite;\n    animation-delay: 3s;\n  }\n<\/style>\n<\/head>\n<body class=\"unique-body-ABC123\">\n\n<div class=\"unique-float-animation-container-DEF456\">\n  <!-- First Comment Box -->\n  <div class=\"unique-comment-box-GHI789 unique-float-animation1-MNO345\">\n    <div style=\"display: flex; align-items: center;\">\n      <img src=\"https:\/\/randomuser.me\/api\/portraits\/men\/1.jpg\" alt=\"Profile Picture\" style=\"width: 50px; height: 50px; border-radius: 50%; margin-right: 10px;\">\n      <div>\n        <div style=\"font-weight: bold; font-size: 16px;\">Jacob Verenveen<\/div>\n        <div style=\"color: gray; font-size: 12px;\">15h ago<\/div>\n      <\/div>\n    <\/div>\n    <div style=\"margin-top: 10px; font-size: 14px; line-height: 1.5;\">\n      This product is fantastic! It has really made a positive difference in my daily routine. <span style=\"font-size: 16px;\"><\/span>\n    <\/div>\n    <div style=\"display: flex; align-items: center; margin-top: 10px;\">\n      <div style=\"display: flex; align-items: center; margin-right: 15px;\">\n        <span style=\"font-size: 16px;\">👍<\/span>\n        <span style=\"font-size: 16px; margin-left: -10px;\">❤️<\/span>\n        <span style=\"font-size: 16px; margin-left: -10px;\">😮<\/span>\n        <span style=\"font-size: 14px; margin-left: 5px;\">166<\/span>\n      <\/div>\n      <div style=\"font-size: 14px; margin-left: auto;\">25 Comments<\/div>\n    <\/div>\n    <div style=\"border-top: 1px solid #e0e0e0; margin-top: 10px; padding-top: 10px; display: flex; justify-content: space-between; font-size: 14px; color: gray;\">\n      <div>Like<\/div>\n      <div>Comment<\/div>\n      <div>Share<\/div>\n    <\/div>\n  <\/div>\n\n  <!-- Second Comment Box -->\n  <div class=\"unique-comment-box-GHI789 unique-float-animation2-PQR678\">\n    <div style=\"display: flex; align-items: center;\">\n      <img src=\"https:\/\/randomuser.me\/api\/portraits\/women\/1.jpg\" alt=\"Profile Picture\" style=\"width: 50px; height: 50px; border-radius: 50%; margin-right: 10px;\">\n      <div>\n        <div style=\"font-weight: bold; font-size: 16px;\">Jane Smith<\/div>\n        <div style=\"color: gray; font-size: 12px;\">7h ago<\/div>\n      <\/div>\n    <\/div>\n    <div style=\"margin-top: 10px; font-size: 14px; line-height: 1.5;\">\n      This product has changed my life! I can't believe how effective it is. <span style=\"font-size: 16px;\">🌟<\/span>\n    <\/div>\n    <div style=\"display: flex; align-items: center; margin-top: 10px;\">\n      <div style=\"display: flex; align-items: center; margin-right: 15px;\">\n        <span style=\"font-size: 16px;\">👍<\/span>\n        <span style=\"font-size: 16px; margin-left: -10px;\">❤️<\/span>\n        <span style=\"font-size: 16px; margin-left: -10px;\">😮<\/span>\n        <span style=\"font-size: 14px; margin-left: 5px;\">645<\/span>\n      <\/div>\n      <div style=\"font-size: 14px; margin-left: auto;\">132 Comments<\/div>\n    <\/div>\n    <div style=\"border-top: 1px solid #e0e0e0; margin-top: 10px; padding-top: 10px; display: flex; justify-content: space-between; font-size: 14px; color: gray;\">\n      <div>Like<\/div>\n      <div>Comment<\/div>\n      <div>Share<\/div>\n    <\/div>\n  <\/div>\n\n  <!-- Third Comment Box -->\n  <div class=\"unique-comment-box-GHI789 unique-float-animation3-STU901\">\n    <div style=\"display: flex; align-items: center;\">\n      <img src=\"https:\/\/randomuser.me\/api\/portraits\/men\/2.jpg\" alt=\"Profile Picture\" style=\"width: 50px; height: 50px; border-radius: 50%; margin-right: 10px;\">\n      <div>\n        <div style=\"font-weight: bold; font-size: 16px;\">Michael Johnson<\/div>\n        <div style=\"color: gray; font-size: 12px;\">5h ago<\/div>\n      <\/div>\n    <\/div>\n    <div style=\"margin-top: 10px; font-size: 14px; line-height: 1.5;\">\n      Absolutely love it! It's a game changer. <span style=\"font-size: 16px;\">🔥<\/span>\n    <\/div>\n    <div style=\"display: flex; align-items: center; margin-top: 10px;\">\n      <div style=\"display: flex; align-items: center; margin-right: 15px;\">\n        <span style=\"font-size: 16px;\">👍<\/span>\n        <span style=\"font-size: 16px; margin-left: -10px;\">❤️<\/span>\n        <span style=\"font-size: 16px; margin-left: -10px;\">😮<\/span>\n        <span style=\"font-size: 14px; margin-left: 5px;\">257<\/span>\n      <\/div>\n      <div style=\"font-size: 14px; margin-left: auto;\">95 Comments<\/div>\n    <\/div>\n    <div style=\"border-top: 1px solid #e0e0e0; margin-top: 10px; padding-top: 10px; display: flex; justify-content: space-between; font-size: 14px; color: gray;\">\n      <div>Like<\/div>\n      <div>Comment<\/div>\n      <div>Share<\/div>\n    <\/div>\n  <\/div>\n\n  <!-- Fourth Comment Box -->\n  <div class=\"unique-comment-box-GHI789 unique-float-animation4-VWX234\">\n    <div style=\"display: flex; align-items: center;\">\n      <img src=\"https:\/\/randomuser.me\/api\/portraits\/women\/2.jpg\" alt=\"Profile Picture\" style=\"width: 50px; height: 50px; border-radius: 50%; margin-right: 10px;\">\n      <div>\n        <div style=\"font-weight: bold; font-size: 16px;\">Emily Davis<\/div>\n        <div style=\"color: gray; font-size: 12px;\">4h ago<\/div>\n      <\/div>\n    <\/div>\n    <div style=\"margin-top: 10px; font-size: 14px; line-height: 1.5;\">\n      Highly recommend! Great quality and performance. <span style=\"font-size: 16px;\">👍<\/span>\n    <\/div>\n    <div style=\"display: flex; align-items: center; margin-top: 10px;\">\n      <div style=\"display: flex; align-items: center; margin-right: 15px;\">\n        <span style=\"font-size: 16px;\">👍<\/span>\n        <span style=\"font-size: 16px; margin-left: -10px;\">❤️<\/span>\n        <span style=\"font-size: 16px; margin-left: -10px;\">😮<\/span>\n        <span style=\"font-size: 14px; margin-left: 5px;\">148<\/span>\n      <\/div>\n      <div style=\"font-size: 14px; margin-left: auto;\">64 Comments<\/div>\n    <\/div>\n    <div style=\"border-top: 1px solid #e0e0e0; margin-top: 10px; padding-top: 10px; display: flex; justify-content: space-between; font-size: 14px; color: gray;\">\n      <div>Like<\/div>\n      <div>Comment<\/div>\n      <div>Share<\/div>\n    <\/div>\n  <\/div>\n<\/div>\n\n<\/body>\n<\/html>","color_scheme":"scheme-2","padding_top":12,"padding_bottom":12}},"c65117da-b894-43a0-8d4d-7bd214ab10a9":{"type":"ds-testimonials","blocks":{"template--18472095940937__c65117da-b894-43a0-8d4d-7bd214ab10a9-16798646670717cf42-1":{"type":"column","settings":{"title":"Love Everything About Store!","text":"<h5>I’m so impressed with the quality and style of the clothes. Every piece I’ve purchased fits perfectly and makes me feel amazing!<br\/>Love it<\/h5>","author":"SIVANIA M."}},"column_8wmVkL":{"type":"column","settings":{"title":"Exceptional Style and Service!","text":"<h5>Customer service was outstanding—my questions were answered promptly, order arrived earlier than expected, beautifully packaged.<\/h5>","author":"NICKY R."}},"column_mMbBdd":{"type":"column","settings":{"title":"Stylish and reliable store!","text":"<h5>You become my favorite online fashion destination! Their selection is trendy, and the fit is always spot-on.Highly recommend.<\/h5>","author":"RACHEL T."}}},"block_order":["template--18472095940937__c65117da-b894-43a0-8d4d-7bd214ab10a9-16798646670717cf42-1","column_8wmVkL","column_mMbBdd"],"settings":{"title":"What Our Customers Are Saying","heading_size":"h2","text":"","image_width":"full","image_ratio":"circle","columns_desktop":3,"slider_preview":true,"column_alignment":"center","show_stars":false,"stars_color":"#ffd700","show_quotes":false,"quotes_color_scheme":"background-1","background_style":"none","color_scheme":"custom","padding_top":32,"padding_bottom":32,"custom_colors_background":"#ffffff","custom_gradient_background":"","custom_colors_text":"#2e2a39"}},"wd_section_divider_QGFRLh":{"type":"wd-section-divider","settings":{"divider_shape":"diagonal","divider_color_top":"rgba(0,0,0,0)","divider_color_bottom":"#121212","padding_top_desktop":0,"padding_bottom_desktop":64,"padding_top_mobile":0,"padding_bottom_mobile":0,"margin_top":10,"margin_bottom":0,"max_height_desktop":50,"max_height_mobile":35}}},"order":["ds_slideshow_jhiiyq","multirow_ftq6YR","custom_liquid_JPVUG3","wd_section_divider_tMUHVb","rich_text_tMJXNr","collage_PfGC8a","featured_collection_BNVjKG","featured_collection_QRL4Q7","featured_collection_MUhGMX","custom_liquid_nRdCGQ","c65117da-b894-43a0-8d4d-7bd214ab10a9","custom_liquid_PaKE9N","wd_section_divider_QGFRLh"]}