{
  "sections": {
    "ds_slideshow_jhiiyq": {
      "type": "ds-slideshow",
      "blocks": {
        "slide_6B7cwD": {
          "type": "slide",
          "settings": {
            "image": "shopify:\/\/shop_images\/banner2.jpg",
            "heading": "Unleash Your Style",
            "heading_size": "h1",
            "subheading": "From timeless classics to bold, statement pieces, we have everything you need to express your unique style. Shop now and let your fashion speak louder than words.",
            "button_label": "Show more",
            "link": "shopify:\/\/products\/two-piece-tracksuit-set",
            "button_style_secondary": false,
            "box_align": "middle-left",
            "show_text_box": false,
            "text_alignment": "left",
            "image_overlay_opacity": 30,
            "color_scheme": "background-1",
            "text_alignment_mobile": "center"
          }
        },
        "slide_pkJi7G": {
          "type": "slide",
          "settings": {
            "image": "shopify:\/\/shop_images\/banner1.jpg",
            "heading": "Shop New Collections",
            "heading_size": "h1",
            "subheading": "Upgrade your wardrobe with the latest trends. Discover fresh arrivals for every occasion and season. Shop now for exclusive designs!",
            "button_label": "Show more",
            "link": "shopify:\/\/products\/two-piece-tracksuit-set",
            "button_style_secondary": false,
            "box_align": "middle-left",
            "show_text_box": false,
            "text_alignment": "left",
            "image_overlay_opacity": 30,
            "color_scheme": "background-1",
            "text_alignment_mobile": "center"
          }
        }
      },
      "block_order": [
        "slide_6B7cwD",
        "slide_pkJi7G"
      ],
      "settings": {
        "layout": "full_bleed",
        "slide_height": "small",
        "slider_visual": "counter",
        "auto_rotate": false,
        "change_slides_speed": 5,
        "show_text_below": true,
        "accessibility_info": "Slideshow about our brand",
        "color_scheme": "background-1"
      }
    },
    "multirow_ftq6YR": {
      "type": "multirow",
      "blocks": {
        "row_gWrV8y": {
          "type": "row",
          "settings": {
            "image": "shopify:\/\/shop_images\/homepage1.jpg",
            "caption": "New collection",
            "heading": "",
            "text": "<h5>Stay stylish and comfortable wherever your day takes you. Our Active Essentials collection blends performance and versatility, perfect for workouts, lounging, or everyday errands. Crafted with breathable, moisture-wicking fabric to keep you cool, dry, and moving effortlessly.<\/h5>",
            "button_label": "shop now",
            "button_link": "shopify:\/\/products\/two-piece-tracksuit-set"
          }
        },
        "row_mjxcta": {
          "type": "row",
          "settings": {
            "image": "shopify:\/\/shop_images\/homepage2.jpg",
            "caption": "New collection",
            "heading": "",
            "text": "<h5><strong>Sports Costume<\/strong> is the ultimate blend of performance and comfort, perfect for workouts, lounging, or running errands. Crafted with breathable, moisture-wicking fabric, it keeps you cool and dry during your most intense sessions while offering unmatched flexibility for unrestricted movement.<\/h5>",
            "button_label": "shop now",
            "button_link": "shopify:\/\/products\/two-piece-tracksuit-set"
          }
        },
        "row_ga3i9m": {
          "type": "row",
          "settings": {
            "image": "shopify:\/\/shop_images\/homepage3.jpg",
            "caption": "New collection",
            "heading": "",
            "text": "<h5>Elevate your everyday with the perfect blend of fashion and functionality. Designed for active lifestyles, this collection offers breathable fabrics and unmatched comfort to keep you moving effortlessly through workouts, errands, or relaxation.<\/h5>",
            "button_label": "shop now",
            "button_link": "shopify:\/\/products\/two-piece-tracksuit-set"
          }
        }
      },
      "block_order": [
        "row_gWrV8y",
        "row_mjxcta",
        "row_ga3i9m"
      ],
      "settings": {
        "image_height": "small",
        "desktop_image_width": "small",
        "heading_size": "h1",
        "text_style": "body",
        "button_style": "primary",
        "desktop_content_position": "middle",
        "desktop_content_alignment": "center",
        "image_layout": "alternate-left",
        "section_color_scheme": "scheme-1",
        "row_color_scheme": "scheme-1",
        "mobile_content_alignment": "left",
        "padding_top": 0,
        "padding_bottom": 0
      }
    },
    "wd_section_divider_tMUHVb": {
      "type": "wd-section-divider",
      "settings": {
        "divider_shape": "diagonal",
        "divider_color_top": "rgba(0,0,0,0)",
        "divider_color_bottom": "#121212",
        "padding_top_desktop": 0,
        "padding_bottom_desktop": 76,
        "padding_top_mobile": 0,
        "padding_bottom_mobile": 0,
        "margin_top": 10,
        "margin_bottom": 0,
        "max_height_desktop": 50,
        "max_height_mobile": 35
      }
    },
    "rich_text_tMJXNr": {
      "type": "rich-text",
      "blocks": {
        "heading_yAAbjd": {
          "type": "heading",
          "settings": {
            "heading": "<p>Discover Your Unique Style<\/p>",
            "heading_size": "h2"
          }
        },
        "text_4UFyje": {
          "type": "text",
          "settings": {
            "text": "<h4><em>Explore our carefully curated collection of fashion essentials, bold statement pieces, and timeless classics. Find the perfect look for every occasion and express your individuality with confidence.<\/em><\/h4>"
          }
        },
        "button_JLNArf": {
          "type": "button",
          "settings": {
            "button_label": "",
            "button_link": "shopify:\/\/products\/two-piece-tracksuit-set",
            "button_style_secondary": false,
            "button_label_2": "",
            "button_link_2": "",
            "button_style_secondary_2": false
          }
        }
      },
      "block_order": [
        "heading_yAAbjd",
        "text_4UFyje",
        "button_JLNArf"
      ],
      "settings": {
        "desktop_content_position": "center",
        "content_alignment": "center",
        "color_scheme": "custom",
        "full_width": true,
        "padding_top": 32,
        "padding_bottom": 40,
        "custom_colors_background": "#121212",
        "custom_gradient_background": "",
        "custom_colors_text": "#ffffff",
        "custom_colors_solid_button_background": "#fdfbf7",
        "custom_colors_solid_button_text": "#243d00"
      }
    },
    "collage_PfGC8a": {
      "type": "collage",
      "blocks": {
        "image_JBABn9": {
          "type": "image",
          "settings": {
            "image": "shopify:\/\/shop_images\/homepage1.jpg"
          }
        },
        "product_bh3zkC": {
          "type": "product",
          "settings": {
            "product": "two-piece-tracksuit-set",
            "second_image": false
          }
        },
        "collection_gzdM7M": {
          "type": "collection",
          "settings": {
            "collection": "frontpage"
          }
        }
      },
      "block_order": [
        "image_JBABn9",
        "product_bh3zkC",
        "collection_gzdM7M"
      ],
      "settings": {
        "heading": "Catalog",
        "heading_size": "h1",
        "desktop_layout": "left",
        "mobile_layout": "column",
        "card_styles": "product-card-wrapper",
        "color_scheme": "background-1",
        "padding_top": 36,
        "padding_bottom": 36,
        "custom_colors_background": "#ffffff",
        "custom_gradient_background": "",
        "custom_colors_text": "#2e2a39"
      }
    },
    "c65117da-b894-43a0-8d4d-7bd214ab10a9": {
      "type": "ds-testimonials",
      "blocks": {
        "template--18472095940937__c65117da-b894-43a0-8d4d-7bd214ab10a9-16798646670717cf42-1": {
          "type": "column",
          "settings": {
            "title": "Love Everything About Store!",
            "text": "<h5>I’m so impressed with the quality and style of the clothes. Every piece I’ve purchased fits perfectly and makes me feel amazing!<br\/>Love it<\/h5>",
            "author": "Sarah M."
          }
        },
        "column_8wmVkL": {
          "type": "column",
          "settings": {
            "title": "Exceptional Style and Service!",
            "text": "<h5>Customer service was outstanding—my questions were answered promptly, order arrived earlier than expected, beautifully packaged.<\/h5>",
            "author": "Emily R."
          }
        },
        "column_mMbBdd": {
          "type": "column",
          "settings": {
            "title": "Stylish and reliable store!",
            "text": "<h5>You become my favorite online fashion destination! Their selection is trendy, and the fit is always spot-on.Highly recommend.<\/h5>",
            "author": "Jane T."
          }
        }
      },
      "block_order": [
        "template--18472095940937__c65117da-b894-43a0-8d4d-7bd214ab10a9-16798646670717cf42-1",
        "column_8wmVkL",
        "column_mMbBdd"
      ],
      "settings": {
        "title": "What Our Customers Are Saying",
        "heading_size": "h2",
        "text": "",
        "image_width": "full",
        "image_ratio": "circle",
        "columns_desktop": 3,
        "slider_preview": true,
        "column_alignment": "center",
        "show_stars": false,
        "stars_color": "#ffd700",
        "show_quotes": false,
        "quotes_color_scheme": "background-1",
        "background_style": "none",
        "color_scheme": "custom",
        "padding_top": 32,
        "padding_bottom": 32,
        "custom_colors_background": "#ffffff",
        "custom_gradient_background": "",
        "custom_colors_text": "#2e2a39"
      }
    },
    "wd_section_divider_QGFRLh": {
      "type": "wd-section-divider",
      "settings": {
        "divider_shape": "diagonal",
        "divider_color_top": "rgba(0,0,0,0)",
        "divider_color_bottom": "#121212",
        "padding_top_desktop": 0,
        "padding_bottom_desktop": 76,
        "padding_top_mobile": 0,
        "padding_bottom_mobile": 0,
        "margin_top": 10,
        "margin_bottom": 0,
        "max_height_desktop": 50,
        "max_height_mobile": 35
      }
    }
  },
  "order": [
    "ds_slideshow_jhiiyq",
    "multirow_ftq6YR",
    "wd_section_divider_tMUHVb",
    "rich_text_tMJXNr",
    "collage_PfGC8a",
    "c65117da-b894-43a0-8d4d-7bd214ab10a9",
    "wd_section_divider_QGFRLh"
  ]
}
