{"sections":{"image_banner":{"type":"image-banner","settings":{"image":"shopify:\/\/shop_images\/about_banner2.webp","image_overlay_opacity":30,"image_height":"medium","desktop_content_position":"center","show_text_box":true,"desktop_content_alignment":"center","color_scheme":"scheme-default","image_behavior":"none","mobile_content_alignment":"center","stack_images_on_mobile":false,"show_text_below":false}},"company_history":{"type":"rich-text","blocks":{"heading":{"type":"heading","settings":{"heading":"<h2>About Royal Equips<\/h2>","heading_size":"h1"}},"text":{"type":"text","settings":{"text":"<p>Royal Equips was founded with a vision to provide high-quality and exclusive products that combine elegance and functionality. Our mission is to offer customers a refined shopping experience with carefully selected items.<\/p>"}}},"block_order":["heading","text"],"settings":{"desktop_content_position":"center","content_alignment":"center","color_scheme":"scheme-default","full_width":true,"padding_top":40,"padding_bottom":52,"custom_colors_background":"#ffffff","custom_gradient_background":"","custom_colors_text":"#2e2a39","custom_colors_solid_button_background":"#dd1d1d","custom_colors_solid_button_text":"#ffffff"}},"team_section":{"type":"multirow","blocks":{"team_intro":{"type":"row","settings":{"caption":"Bijschrift","heading":"Meet Our Team","text":"<p>Our dedicated team ensures that every customer receives the best service and high-quality products.<\/p>","button_label":"Contact Us","button_link":"shopify:\/\/pages\/contact"}}},"block_order":["team_intro"],"settings":{"image_height":"medium","desktop_image_width":"medium","heading_size":"h1","text_style":"body","button_style":"secondary","desktop_content_position":"middle","desktop_content_alignment":"left","image_layout":"alternate-left","section_color_scheme":"scheme-default","row_color_scheme":"","mobile_content_alignment":"left","padding_top":36,"padding_bottom":36}},"re_testimonials_3nhncC":{"type":"RE-Testimonials","settings":{}}},"order":["image_banner","company_history","team_section","re_testimonials_3nhncC"]}