{
  "sections": {
    "related-products": {
      "type": "related-products",
      "disabled": true,
      "settings": {
        "heading": "You may also like",
        "heading_size": "h2",
        "products_to_show": 4,
        "columns_desktop": 4,
        "color_scheme": "scheme-1",
        "image_ratio": "square",
        "image_shape": "default",
        "show_secondary_image": true,
        "show_vendor": false,
        "show_rating": false,
        "columns_mobile": "2",
        "padding_top": 36,
        "padding_bottom": 28
      }
    },
    "main": {
      "type": "main-product",
      "blocks": {
        "rating_stars_KqJMmE": {
          "type": "rating_stars",
          "settings": {
            "rating": 4.8,
            "star_color": "#ffcc00",
            "bg_stars_style": "full",
            "bg_star_color": "#ececec",
            "label": "(345 Reviews)",
            "size": 12,
            "alignment": "flex-start",
            "margin_top": 0,
            "margin_bottom": 12
          }
        },
        "title": {
          "type": "title",
          "settings": {
            "text_size": "h2",
            "title_alignment": "left",
            "uppercase_title": false,
            "margin_top": 0,
            "margin_bottom": 3
          }
        },
        "price": {
          "type": "price",
          "settings": {
            "layout": "price_second",
            "price_color": "accent-1",
            "compare_price_color": "accent-1",
            "hide_sale_badge": true,
            "margin_top": 15,
            "margin_bottom": 15
          }
        },
        "emoji_benefits_xFGiTn": {
          "type": "emoji_benefits",
          "settings": {
            "benefits": "<p>✨ <strong>Timeless elegance for any occasion.<\/strong><\/p><p>🌬️ <strong>Lightweight fabrics that move with you.<\/strong><\/p><p>🪡 <strong>Flawlessly crafted for the perfect fit.<\/strong><\/p>",
            "margin_top": 15,
            "margin_bottom": 15
          }
        },
        "variant_picker": {
          "type": "variant_picker",
          "settings": {
            "picker_types": "swatches, pills",
            "custom_labels": "[name]",
            "swatches_custom_colors": "image_alt",
            "swatches_custom_colors_list": "#000000, #D1DD1D, #0000FF, #FFCC00",
            "margin_top": 0,
            "margin_bottom": 0
          }
        },
        "quantity_selector": {
          "type": "quantity_selector",
          "settings": {
            "enable_quantity_discounts": true,
            "headline": "Bundle & Save here",
            "preselected": "option_3",
            "display_badge": "option_3",
            "badge_text": "Most Popular",
            "enable_variant_selectors": true,
            "color_scheme": "outline-button",
            "option_1_quantity": 2,
            "option_1_label": "",
            "option_1_benefit": "",
            "option_1_caption": "You save [amount_saved]",
            "option_1_percentage_off_text": "20",
            "option_1_fixed_amount_off": "0",
            "option_1_compare_price": "price",
            "option_2_quantity": 3,
            "option_2_label": "",
            "option_2_benefit": "",
            "option_2_caption": "You save [amount_saved]",
            "option_2_percentage_off_text": "0",
            "option_2_fixed_amount_off": "0",
            "option_2_compare_price": "compare_price",
            "option_3_quantity": 4,
            "option_3_label": "",
            "option_3_benefit": "",
            "option_3_caption": "You save [amount_saved]",
            "option_3_percentage_off_text": "0",
            "option_3_fixed_amount_off": "0",
            "option_3_compare_price": "compare_price",
            "option_4_quantity": 5,
            "option_4_label": "",
            "option_4_benefit": "",
            "option_4_caption": "You save [amount_saved]",
            "option_4_percentage_off_text": "",
            "option_4_fixed_amount_off": "",
            "option_4_compare_price": "compare_price",
            "margin_top": 15,
            "margin_bottom": 15
          }
        },
        "buy_buttons": {
          "type": "buy_buttons",
          "settings": {
            "show_dynamic_checkout": true,
            "skip_cart": false,
            "uppercase_text": false,
            "enable_custom_color": false,
            "custom_color": "#6d388b",
            "margin_top": 0,
            "margin_bottom": 0,
            "alignment": "center"
          }
        },
        "sticky_atc_xbBkLM": {
          "type": "sticky_atc",
          "disabled": true,
          "settings": {
            "function": "add_to_cart",
            "display_when": "after_scroll",
            "color_scheme": "background-1",
            "button_label": "Add to cart",
            "enable_custom_btn_color": true,
            "custom_btn_color": "#243d00",
            "show_price_badge": true,
            "show_variant_picker": true,
            "desktop_show_title": true,
            "desktop_show_price": true,
            "mobile_show_title": false,
            "mobile_show_price": false
          }
        },
        "payment_badges_NNJJTd": {
          "type": "payment_badges",
          "settings": {
            "enabled_payment_types": "american_express, apple_pay, bitcoin, google_pay, ideal, jcb, klarna, litecoin, maestro, master, paypal, shopify_pay, sofort, unionpay, visa",
            "margin_top": 6,
            "margin_bottom": 6
          }
        },
        "estimated_shipping_jccxdG": {
          "type": "estimated_shipping",
          "settings": {
            "display_icon": true,
            "icon_size": "small",
            "icon_alignment": "middle",
            "message": "<p>Get it between <strong>[start_date]<\/strong> and <strong>[end_date]<\/strong>.<\/p>",
            "min_shipping_days": 15,
            "max_shipping_days": 30,
            "date_format": "day_mm_dd",
            "days_labels": "Monday, Tuesday, Wednesday, Thursday, Friday, Saturday, Sunday",
            "months_labels": "January, February, March, April, May, June, July, August, September, October, November, December",
            "margin_top": 15,
            "margin_bottom": 15
          }
        },
        "reviews_wbqVgr": {
          "type": "reviews",
          "settings": {
            "display_stars": true,
            "star_color": "#ffcc00",
            "avatar_alignment": "top",
            "author_1": "Yuval",
            "text_1": "<p>This is my go-to piece! It’s versatile, comfortable, and looks great whether I’m dressing it up or keeping it casual. Highly recommend!<\/p>",
            "author_2": "The quality is incredible! The fabric feels premium, and the fit is just perfect. I’ve received so many compliments every time I wear it.",
            "text_2": "<p>Venesa<\/p>",
            "author_3": "Jessica",
            "text_3": "<p>Absolutely love it! The attention to detail is amazing, and it’s so flattering. Worth every penny!<\/p>",
            "margin_top": 18,
            "margin_bottom": 18
          }
        },
        "f8c45034-c353-4c86-b426-2fea54ee6863": {
          "type": "shopify:\/\/apps\/audien-reviews\/blocks\/star_rating\/ce002b21-24e0-4d65-87ca-18c9770b24d4",
          "settings": {}
        }
      },
      "block_order": [
        "rating_stars_KqJMmE",
        "title",
        "f8c45034-c353-4c86-b426-2fea54ee6863",
        "price",
        "emoji_benefits_xFGiTn",
        "variant_picker",
        "quantity_selector",
        "buy_buttons",
        "sticky_atc_xbBkLM",
        "payment_badges_NNJJTd",
        "estimated_shipping_jccxdG",
        "reviews_wbqVgr"
      ],
      "settings": {
        "enable_sticky_info": true,
        "display_variant_image_first": true,
        "disable_prepend": false,
        "media_size": "small",
        "constrain_to_viewport": true,
        "media_fit": "cover",
        "gallery_layout": "thumbnail_slider",
        "media_position": "left",
        "image_zoom": "lightbox",
        "hide_variants": false,
        "desktop_thumbnails_count": 4,
        "video_player": "play_btn",
        "enable_video_looping": false,
        "autoplay_videos_pause_btn": true,
        "play_btn_color_scheme": "background-1",
        "mobile_thumbnails": "columns",
        "mobile_media_corner_radius": 0,
        "mobile_spacing": true,
        "mobile_preview_media": true,
        "mobile_thumbnails_count": 5,
        "mobile_pagination": "dots_under",
        "hide_arrows": true,
        "dots_color_scheme": "inverse",
        "trust_badge_position": "top-right",
        "trust_badge_size": "small",
        "mobile_padding_top": 0,
        "mobile_padding_bottom": 100,
        "desktop_padding_top": 32,
        "desktop_padding_bottom": 32
      }
    },
    "collapsible_content_VV38cX": {
      "type": "collapsible-content",
      "blocks": {
        "collapsible_row_GgAVt4": {
          "type": "collapsible_row",
          "settings": {
            "heading": "Product Highlights",
            "icon": "none",
            "row_content": "<h4>The ultimate combination of style, comfort, and performance. This seamless design ensures a smooth, flattering fit for all your activities—whether you're lounging, working out, or out and about. Look and feel your best every day!<\/h4>",
            "page": "test"
          }
        },
        "collapsible_row_6Nmk66": {
          "type": "collapsible_row",
          "settings": {
            "heading": "Fabric & Quality",
            "icon": "none",
            "row_content": "<h4><strong>Soft, Breathable Material:<\/strong> Ensures all-day comfort and freedom of movement.<\/h4><h4><strong>Moisture-Wicking Technology:<\/strong> Keeps you fresh and dry during intense activities.<\/h4><h4><strong>Seamless Perfection:<\/strong> Provides a smooth fit with no irritation or discomfort.<\/h4>",
            "page": ""
          }
        },
        "collapsible_row_9LVmNr": {
          "type": "collapsible_row",
          "settings": {
            "heading": "Why You'll Love It",
            "icon": "none",
            "row_content": "<h4>A versatile addition to your wardrobe, this product blends fashion and function, ensuring you look and feel your best on any occasion.<\/h4>",
            "page": ""
          }
        }
      },
      "block_order": [
        "collapsible_row_GgAVt4",
        "collapsible_row_6Nmk66",
        "collapsible_row_9LVmNr"
      ],
      "settings": {
        "caption": "",
        "heading": "",
        "heading_size": "h2",
        "heading_alignment": "center",
        "layout": "none",
        "color_scheme": "background-1",
        "container_color_scheme": "inverse",
        "open_first_collapsible_row": true,
        "image_ratio": "adapt",
        "desktop_layout": "image_second",
        "padding_top": 36,
        "padding_bottom": 36,
        "custom_colors_background": "#58d51d",
        "custom_gradient_background": "",
        "custom_colors_text": "#2e2a39",
        "custom_contaner_colors_background": "#20a3df",
        "custom_container_gradient_background": "",
        "custom_contaner_colors_text": "#dd1d1d"
      }
    },
    "ds_comparison_table_xaDNwU": {
      "type": "ds-comparison-table",
      "blocks": {
        "row_M4kCWU": {
          "type": "row",
          "settings": {
            "benefit": "Luxurious, High-Quality Fabrics",
            "us": true,
            "others": false
          }
        },
        "row_Ey9D8Q": {
          "type": "row",
          "settings": {
            "benefit": "Inclusive Sizing for All Body Types",
            "us": true,
            "others": false
          }
        },
        "row_9j897a": {
          "type": "row",
          "settings": {
            "benefit": "Ethically Sourced Materials",
            "us": true,
            "others": false
          }
        }
      },
      "block_order": [
        "row_M4kCWU",
        "row_Ey9D8Q",
        "row_9j897a"
      ],
      "settings": {
        "title": "",
        "heading_size": "h2",
        "text": "",
        "button_label": "",
        "link": "",
        "button_style_secondary": false,
        "color_scheme": "custom",
        "layout": "table_second",
        "benefit_color_scheme": "background-1",
        "checkmark_color": "#7cbf1e",
        "icon_cells_color_scheme": "background-1",
        "us_label": "Our Brand",
        "us_label_size": 12,
        "logo_width": 90,
        "mobile_logo_width": 60,
        "others_label": "Others",
        "others_label_size": 12,
        "others_logo_width": 90,
        "others_mobile_logo_width": 60,
        "padding_top": 36,
        "padding_bottom": 36,
        "custom_colors_background": "#f3f3f3",
        "custom_gradient_background": "",
        "custom_colors_text": "#2e2a39",
        "custom_colors_solid_button_background": "#ffffff",
        "custom_colors_solid_button_text": "#b71cec",
        "custom_colors_outline_button": "#34dd1d"
      }
    },
    "ds_icon_bar_jE6Bhj": {
      "type": "ds-icon-bar",
      "blocks": {
        "column_ziFLGe": {
          "type": "column",
          "settings": {
            "icon": "lock",
            "title": "Secure Checkout",
            "text": ""
          }
        },
        "column_7LeRqb": {
          "type": "column",
          "settings": {
            "icon": "heart",
            "title": "100% Satisfaction Guarantee",
            "text": ""
          }
        },
        "column_tmRmih": {
          "type": "column",
          "settings": {
            "icon": "leaf",
            "title": "Eco-Friendly Materials.",
            "text": ""
          }
        }
      },
      "block_order": [
        "column_ziFLGe",
        "column_7LeRqb",
        "column_tmRmih"
      ],
      "settings": {
        "title": "Why Choose Us",
        "heading_size": "h2",
        "text": "",
        "icon_size": "small",
        "columns_desktop": 3,
        "icon_color": "accent-1",
        "background_style": "none",
        "color_scheme": "background-1",
        "columns_mobile": "1",
        "swipe_on_mobile": false,
        "padding_top": 56,
        "padding_bottom": 56,
        "custom_colors_background": "#f3f3f3",
        "custom_gradient_background": "",
        "custom_colors_text": "#2e2a39"
      }
    },
    "ds_vertical_ticker_fwgVf3": {
      "type": "ds-vertical-ticker",
      "blocks": {
        "text_qNHq4H": {
          "type": "text",
          "settings": {
            "title": "🎉 Limited Time Offer!"
          }
        },
        "text_Q9rnEP": {
          "type": "text",
          "settings": {
            "title": "💌 Exclusive Deal!"
          }
        },
        "text_cbCVDH": {
          "type": "text",
          "settings": {
            "title": "🚚 Free Shipping Alert!"
          }
        }
      },
      "block_order": [
        "text_qNHq4H",
        "text_Q9rnEP",
        "text_cbCVDH"
      ],
      "settings": {
        "number_of_rows": 4,
        "speed": 3,
        "text_size": "3",
        "italic_text": false,
        "uppercase_text": false,
        "bold_text": false,
        "ticker_color_scheme": "custom",
        "layout": "ticker_second",
        "padding_top": 40,
        "padding_bottom": 40,
        "display_content": "always",
        "content_heading": "🛍️ Flash Sale Alert!",
        "content_heading_size": "h2",
        "content_text": "<p>Get 20% off on all bundle deals—limited time only!<\/p>",
        "button_label": "",
        "link": "",
        "button_style_secondary": false,
        "content_color_scheme": "custom",
        "overlay_color": "#243d00",
        "overlay_opacity": 0,
        "content_padding_top": 36,
        "content_padding_bottom": 24,
        "custom_ticker_colors_background": "#243d00",
        "custom_ticker_gradient_background": "",
        "custom_ticker_colors_text": "#ffffff",
        "custom_colors_background": "#243d00",
        "custom_gradient_background": "",
        "custom_colors_text": "#ffffff",
        "custom_colors_solid_button_background": "#ffffff",
        "custom_colors_solid_button_text": "#243d00",
        "custom_colors_outline_button": "#dd1d1d"
      }
    },
    "results_bTnYR4": {
      "type": "results",
      "blocks": {
        "row_VPaDh3": {
          "type": "row",
          "settings": {
            "percentage": 87,
            "row_text": "<h3>noticed an improvement in comfort and warmth for daily wear.<\/h3>"
          }
        },
        "row_9JBPWD": {
          "type": "row",
          "settings": {
            "percentage": 89,
            "row_text": "<h3>felt more stylish and confident in their casual outings.<\/h3>"
          }
        },
        "row_Gzyxpt": {
          "type": "row",
          "settings": {
            "percentage": 98,
            "row_text": "<h3>reported better overall satisfaction with their wardrobe.<\/h3><p><\/p>"
          }
        }
      },
      "block_order": [
        "row_VPaDh3",
        "row_9JBPWD",
        "row_Gzyxpt"
      ],
      "settings": {
        "title": "Feel the Difference, Love the Style!",
        "heading_size": "h2",
        "text": "<h4>Discover why our customers can’t get enough of our chic and comfortable pieces. Here’s what they’re saying about their new wardrobe favorites.<\/h4>",
        "color_scheme": "custom",
        "layout": "results_second",
        "results_headline": "",
        "results_headline_size": "h3",
        "results_headline_alignment": "left",
        "caption": "",
        "button_label": "",
        "link": "",
        "button_style_secondary": false,
        "padding_top": 24,
        "padding_bottom": 24,
        "custom_colors_background": "#ffffff",
        "custom_gradient_background": "",
        "custom_colors_text": "#2e2a39",
        "custom_colors_accent": "#365d01",
        "custom_colors_solid_button_background": "#371691",
        "custom_colors_solid_button_text": "#dd1d1d",
        "custom_colors_outline_button": "#dd1d1d"
      }
    },
    "ds_testimonials_i86BLn": {
      "type": "ds-testimonials",
      "blocks": {
        "column_YyHMKP": {
          "type": "column",
          "settings": {
            "title": "Absolutely Love My New Look!",
            "text": "<h5>I was blown away by the quality and fit of the clothes I ordered from [Your Store Name]. They are not just stylish but also so comfortable! I’ve received countless compliments and will definitely shop here again.<\/h5>",
            "author": "Jessica L."
          }
        },
        "column_ENbtbz": {
          "type": "column",
          "settings": {
            "title": "My New Favorite Brand!",
            "text": "<h5>Shopping here has been such a great experience! The fabric feels premium, the designs are trendy, and the fit is just perfect. Plus, delivery was so quick and seamless. Highly recommend!<\/h5>",
            "author": "Kate F."
          }
        },
        "column_Xj89MC": {
          "type": "column",
          "settings": {
            "title": "Perfect in Every Way!",
            "text": "<h5>From the packaging to the quality of the clothes, everything exceeded my expectations. This store has become my go-to for all my wardrobe upgrades. Love it!<\/h5>",
            "author": "Tina M."
          }
        }
      },
      "block_order": [
        "column_YyHMKP",
        "column_ENbtbz",
        "column_Xj89MC"
      ],
      "settings": {
        "title": "Our Clients Say",
        "heading_size": "h2",
        "text": "",
        "image_width": "full",
        "image_ratio": "square",
        "columns_desktop": 3,
        "slider_preview": true,
        "column_alignment": "center",
        "show_stars": false,
        "stars_color": "#ffd700",
        "show_quotes": false,
        "quotes_color_scheme": "background-1",
        "background_style": "primary",
        "color_scheme": "background-1",
        "padding_top": 36,
        "padding_bottom": 36,
        "custom_colors_background": "#ffffff",
        "custom_gradient_background": "",
        "custom_colors_text": "#121212"
      }
    },
    "wd_section_divider_bUhFHB": {
      "type": "wd-section-divider",
      "settings": {
        "divider_shape": "diagonal",
        "divider_color_top": "#ffffff",
        "divider_color_bottom": "#000000",
        "padding_top_desktop": 40,
        "padding_bottom_desktop": 40,
        "padding_top_mobile": 40,
        "padding_bottom_mobile": 40,
        "margin_top": 0,
        "margin_bottom": 0,
        "max_height_desktop": 100,
        "max_height_mobile": 100
      }
    },
    "ce002b21-24e0-4d65-87ca-18c9770b24d4": {
      "type": "apps",
      "blocks": {
        "ce002b21-24e0-4d65-87ca-18c9770b24d4": {
          "type": "shopify:\/\/apps\/audien-reviews\/blocks\/review_list\/ce002b21-24e0-4d65-87ca-18c9770b24d4",
          "settings": {}
        }
      },
      "block_order": [
        "ce002b21-24e0-4d65-87ca-18c9770b24d4"
      ],
      "settings": {
        "include_margins": true
      }
    }
  },
  "order": [
    "related-products",
    "main",
    "collapsible_content_VV38cX",
    "ds_comparison_table_xaDNwU",
    "ds_icon_bar_jE6Bhj",
    "ds_vertical_ticker_fwgVf3",
    "results_bTnYR4",
    "ds_testimonials_i86BLn",
    "wd_section_divider_bUhFHB",
    "ce002b21-24e0-4d65-87ca-18c9770b24d4"
  ]
}
